<application>
  <component name="AppStorage">
    <option name="newTranslationDialogWidth" value="598" />
    <option name="newTranslationDialogX" value="806" />
    <option name="newTranslationDialogY" value="351" />
    <histories>
      <item value="Time unit representing one second" />
      <item value="Time unit representing one thousandth of a millisecond" />
      <item value="Time unit representing one thousandth of a microsecond" />
      <item value="Indicates the contexts in which an annotation type is applicable. The declaration contexts and type contexts in which an annotation type may be applicable are specified in JLS 9.6.4.1, and denoted in source code by enum constants of java.lang.annotation.ElementType." />
      <item value="Returns an array of the kinds of elements an annotation type can be applied to." />
      <item value="Returns an array of the kinds of elements an annotation type can be applied to. 返回值: an array of the kinds of elements an annotation type can be applied to" />
      <item value="Annotations are to be recorded in the class file by the compiler but need not be retained by the VM at run time. This is the default behavior." />
      <item value="Annotations are to be recorded in the class file by the compiler and retained by the VM at run time, so they may be read reflectively." />
      <item value="CLASS" />
      <item value="RUNTIME" />
      <item value="SOURCE" />
      <item value="Annotations are to be discarded by the compiler." />
    </histories>
    <option name="languageScores">
      <map>
        <entry key="CHINESE" value="13" />
        <entry key="ENGLISH" value="15" />
      </map>
    </option>
  </component>
  <component name="Cache">
    <option name="lastTrimTime" value="1646963771189" />
  </component>
</application>