<application>
  <component name="AppStorage">
    <histories>
      <item value="'(string | number)[]' is not assignable to type 'string | number" />
      <item value="Type '(string | number)[]' is not assignable to type 'string | number" />
    </histories>
    <option name="languageScores">
      <map>
        <entry key="CHINESE" value="1" />
        <entry key="ENGLISH" value="2" />
      </map>
    </option>
  </component>
  <component name="Cache">
    <option name="lastTrimTime" value="1648195365165" />
  </component>
</application>