<application>
  <component name="CodeFoldingSettings">
    <option name="COLLAPSE_METHODS" value="true" />
    <option name="COLLAPSE_CUSTOM_FOLDING_REGIONS" value="true" />
  </component>
  <component name="CodeInsightSettings">
    <option name="completionCaseSensitive" value="2" />
    <option name="PARAMETER_INFO_DELAY" value="200" />
    <option name="COMPLETION_CASE_SENSITIVE" value="2" />
    <option name="SHOW_FULL_SIGNATURES_IN_PARAMETER_INFO" value="true" />
  </component>
  <component name="DaemonCodeAnalyzerSettings">
    <option name="AUTOREPARSE_DELAY" value="200" />
  </component>
  <component name="EditorSettings">
    <option name="STRIP_TRAILING_SPACES" value="Whole" />
    <option name="IS_ENSURE_NEWLINE_AT_EOF" value="true" />
    <option name="TOOLTIPS_DELAY_MS" value="100" />
  </component>
  <component name="InlayHintsSettings">
    <option name="lastViewedProviderKeyId" value="microservices.url.path.inlay.hints" />
    <settingsMapElement>
      <JavaScript.js.type.hints>
        <Settings>
          <option name="showForFunctions" value="true" />
          <option name="showForVariablesAndFields" value="true" />
        </Settings>
      </JavaScript.js.type.hints>
    </settingsMapElement>
  </component>
  <component name="TodoConfiguration">
    <pattern pattern="\btodo\b.*" />
    <pattern pattern="\bfixme\b.*" />
  </component>
</application>