<application>
  <component name="AppStorage">
    <histories>
      <item value="property Key" />
      <item value="attributes" />
      <item value="Property Descriptor" />
      <item value="target" />
      <item value="A new array containing the extracted elements." />
      <item value="Variable 'list' is used before being assigned" />
      <item value="Element implicitly has an 'any' type because expression of type 'string' can't be used to index type 'OrderSatus'. '" />
      <item value="Type 'any' is not assignable to type 'never'" />
      <item value="Element implicitly has an 'any' type because expression of type 'any' can't be used to index type 'Person'" />
      <item value="version" />
      <item value="Variable 'person1' is used before being assigned" />
      <item value="Cannot invoke an object which is possibly 'undefined'" />
      <item value="Property 'age' has no initializer and is not definitely assigned in the constructor" />
      <item value="Class 'Person' used before its declaration." />
      <item value="Member 'void' implicitly has an 'any' type" />
      <item value="Unknown keyword or identifier. Did you mean 'const" />
      <item value="Only numeric enums can have computed members, but this expression has type 'Em'. If you do not need exhaustiveness checks, consider using an object literal instead" />
      <item value="the default Vue export has been removed in Vue 3. The type for the default export is provided only for migration purposes. Please use named imports instead - e.g. import { createApp } from 'vue'." />
      <item value="'(string | number)[]' is not assignable to type 'string | number" />
      <item value="Type '(string | number)[]' is not assignable to type 'string | number" />
    </histories>
    <option name="languageScores">
      <map>
        <entry key="CHINESE" value="21" />
        <entry key="ENGLISH" value="22" />
      </map>
    </option>
  </component>
  <component name="Cache">
    <option name="lastTrimTime" value="1649210833662" />
  </component>
</application>