<keymap version="1" name="Windows 副本 适当重做" parent="$default">
  <action id="$Redo">
    <keyboard-shortcut first-keystroke="shift ctrl z" />
    <keyboard-shortcut first-keystroke="shift alt back_space" />
    <keyboard-shortcut first-keystroke="ctrl y" />
  </action>
  <action id="AddToFavoritesPopup" />
  <action id="EditorDeleteLine" />
  <action id="EditorDuplicateLines">
    <keyboard-shortcut first-keystroke="shift alt down" />
  </action>
  <action id="MoveLineDown" />
  <action id="ReformatCode">
    <keyboard-shortcut first-keystroke="shift alt f" />
  </action>
  <action id="XDebugger.MoveWatchDown" />
  <action id="context.load" />
</keymap>